{"a" :  null,"v":  {  "c":  "qeqwrr" }, "#$%*\""  : [ 0 , 2, 2321, -12412.123123 ], "g"  : [ 0 , 2, {"p":false}, -12412.123123 ] ,"d": [123,123412,-12412.123123] }